key,key:user-account,firm,professional-id,certificates,further-information
auditor-01,user-account-auditor-1,"75 caracteres75 caracteres75 caracteres75 caracteres75 caracteres75 caracte","profesionalId veinticinco","100caracts100caracts100caracts100caracts100caracts100caracts100caracts100caracts100caracts100caracts",null
auditor-02,user-account-auditor-2,"75 caracteres75 caracteres75 caracteres75 caracteres75 caracteres75 caracte","profesionalId veinticinco","100caracts100caracts100caracts100caracts100caracts100caracts100caracts100caracts100caracts100caracts",null
auditor-03,user-account-auditor-3,"75 caracteres75 caracteres75 caracteres75 caracteres75 caracteres75 caracte","profesionalId veinticinco","100caracts100caracts100caracts100caracts100caracts100caracts100caracts100caracts100caracts100caracts",null
auditor-04,user-account-auditor-4,"firm1","profesionalId veinticinco","100caracts100caracts100caracts100caracts100caracts100caracts100caracts100caracts100caracts100caracts",null
auditor-05,user-account-auditor-5,"firm2","profesionalId veinticinco","100caracts100caracts100caracts100caracts100caracts100caracts100caracts100caracts100caracts100caracts",null
auditor-06,user-account-auditor-6,"firm3","profesionalId veinticinco","Standard certifications",null
auditor-07,user-account-auditor-7,"firm4","46290","Standard certifications",null
auditor-08,user-account-auditor-8,"75 caracteres75 caracteres75 caracteres75 caracteres75 caracteres75 caracte","46290","Standard certifications","https://www.youtube.com/watch?v=dQw4w9WgXcQ"
auditor-09,user-account-auditor-9,"75 caracteres75 caracteres75 caracteres75 caracteres75 caracteres75 caracte","46290","Standard certifications","https://www.youtube.com/watch?v=dQw4w9WgXcQ"
auditor-10,user-account-auditor-10,"75 caracteres75 caracteres75 caracteres75 caracteres75 caracteres75 caracte","46290","Standard certifications","https://www.youtube.com/watch?v=dQw4w9WgXcQ"